{
  "version": 1,
  "author": "Anonymous maker",
  "editor": "wokwi",
  "parts": [
    { "type": "board-esp32-devkit-c-v4", "id": "esp", "top": 0, "left": 0, "attrs": {} },
    {
      "type": "wokwi-resistor",
      "id": "r1",
      "top": 129.6,
      "left": 124.25,
      "rotate": 90,
      "attrs": { "value": "1000" }
    },
    {
      "type": "wokwi-resistor",
      "id": "r2",
      "top": 129.6,
      "left": 133.85,
      "rotate": 90,
      "attrs": { "value": "1000" }
    },
    {
      "type": "wokwi-pushbutton",
      "id": "btn1",
      "top": 159.8,
      "left": 192,
      "attrs": { "color": "green", "xray": "1" }
    },
    {
      "type": "wokwi-pushbutton",
      "id": "btn2",
      "top": 227,
      "left": 192,
      "attrs": { "color": "red", "xray": "1" }
    },
    {
      "type": "wokwi-lcd1602",
      "id": "lcd1",
      "top": -32,
      "left": 216.8,
      "attrs": { "pins": "i2c" }
    }
  ],
  "connections": [
    [ "esp:TX", "$serialMonitor:RX", "", [] ],
    [ "esp:RX", "$serialMonitor:TX", "", [] ],
    [ "r2:2", "btn1:1.l", "green", [ "v8.4", "h28.8" ] ],
    [ "r1:2", "btn2:1.l", "green", [ "h0", "v56.4", "h38.4" ] ],
    [ "esp:2", "btn2:1.l", "green", [ "h24.04", "v76.8" ] ],
    [ "esp:GND.3", "btn1:2.r", "black", [ "h81.64", "v67.2", "h96", "v38.4" ] ],
    [ "esp:GND.3", "btn2:2.r", "black", [ "h81.64", "v67.2", "h96", "v105.4" ] ],
    [ "lcd1:GND", "esp:GND.2", "black", [ "h0" ] ],
    [ "lcd1:VCC", "esp:3V3", "red", [ "v-28.7", "h-216.19" ] ],
    [ "lcd1:SDA", "esp:21", "green", [ "h-86.4", "v0.2" ] ],
    [ "lcd1:SCL", "esp:22", "green", [ "h-105.6", "v19.5" ] ],
    [ "lcd1:VCC", "r2:1", "red", [ "h-57.6", "v0.1" ] ],
    [ "lcd1:VCC", "r1:1", "red", [ "h-67.2", "v0.1" ] ],
    [ "btn1:1.l", "esp:4", "green", [ "h-57.6", "v-28.8" ] ]
  ],
  "dependencies": {}
}